{
    "LGLUAC11": {
        "lattice_unit_cell": [
            5.159,
            17.3,
            6.948
        ],
        "lattice_angles": [
            90.0,
            90.0,
            90.0
        ],
        "point_group_symbol": "222"
    },
    "LGLUAC02": {
        "lattice_unit_cell": [
            7.0680000000000005,
            10.277000000000001,
            8.755
        ],
        "lattice_angles": [
            90.0,
            90.0,
            90.0
        ],
        "point_group_symbol": "222"
    }
}