{
    "lattice_unit_cell": [
        7.068,
        10.277,
        8.755
    ],
    "lattice_angles": [
        1.5707963267948966,
        1.5707963267948966,
        1.5707963267948966
    ],
    "miller_indices": [
        [
            0,
            0,
            1
        ],
        [
            0,
            0,
            -1
        ],
        [
            1,
            1,
            1
        ],
        [
            1,
            1,
            -1
        ],
        [
            1,
            -1,
            1
        ],
        [
            1,
            -1,
            -1
        ],
        [
            -1,
            1,
            1
        ],
        [
            -1,
            1,
            -1
        ],
        [
            -1,
            1,
            0
        ],
        [
            -1,
            -1,
            1
        ],
        [
            -1,
            -1,
            -1
        ],
        [
            1,
            0,
            0
        ],
        [
            -1,
            0,
            0
        ],
        [
            0,
            1,
            1
        ],
        [
            0,
            1,
            -1
        ],
        [
            0,
            -1,
            1
        ],
        [
            0,
            -1,
            -1
        ]
    ],
    "point_group_symbol": "1",
    "distances": [
        0.28,
        0.3,
        0.82,
        0.98,
        0.58,
        0.55,
        0.88,
        0.81,
        0.9,
        0.71,
        0.77,
        0.94,
        1.0,
        1.03,
        1.01,
        0.75,
        0.64
    ],
    "rotation": [
        0,
        0,
        1.7627825445142729
    ],
    "origin": [
        0.0,
        0.0,
        0
    ],
    "material_ior": 1.4,
    "scale": 1.0
}